,Al,Si,Fe,Casting Temp,Cooling Water Temp,Casting Speed,Entry Temp,Emulsion Temp,Emulsion Pressure,Quench Water Pressure,Elongation,UTS,Conductivity
0,99.51236203565422,0.22840632923085755,0.1309371606507798,695.0680518921649,22.072386343133985,1.874053171535448,537.9131597964512,63.340838158019,2.3837346494374856,4.91300279659896,129.19096009302052,64.34667175878369,16.366661726952177
1,99.68521429192297,0.11682799299900977,0.37076587200387,698.3577101709587,16.525390429142615,2.0167603789513433,501.2293458229401,63.35238432576635,2.6467431242310413,4.475016718918014,132.43139578807958,59.308946194844495,13.999339941029545
2,99.61959818254343,0.13232574281892276,0.25157571173435717,695.3103145283025,20.762883601668133,2.1491783343505633,501.10617757644985,60.73342853867086,2.453312804453976,3.7065028170041283,130.98980008681573,60.6996131975265,14.602522625185875
3,99.57959754525912,0.2797108377054158,0.3479372398323225,692.6610760127116,21.06715046382856,2.0928899545638244,516.180510957477,74.7280403013128,2.709992611663875,3.5930711625753107,130.7771640663308,62.084908960862926,15.213902093229056
4,99.44680559213273,0.221285811931918,0.19601488030918354,693.619076133018,19.24130671302386,2.12262445914458,524.4321595202333,73.2760905524361,2.1388476854921867,3.699406459491699,130.7924435893044,62.4257688626641,15.431490324125244
5,99.44679835610087,0.10183941032332594,0.3686569685488602,703.8233630409818,22.364442356247228,2.063513346684287,538.5203708903897,69.49261751499628,3.0381195818165407,4.549307062362364,131.3673508693312,62.39027948731196,15.35281091538039
6,99.41742508365047,0.12029430857320643,0.21676050362024896,696.1900115521738,24.343670147690148,2.076910625807141,534.1647688303252,76.88340897938394,2.13522512718443,4.322741222140829,130.38168740152778,63.397306505356184,15.768823027045658
7,99.65985284373248,0.23270035382161117,0.10325129544408951,700.9280958314423,24.255685129067764,2.1396782606261278,522.2951353188374,76.11340305900106,3.600713015644723,3.370391135734936,131.69210673059354,61.527510724548414,14.853979208757917
8,99.58033450352296,0.10101231676924374,0.37161459292577914,705.1025181256457,19.508393714041322,1.8998672035436746,513.6813333140833,71.70708728793504,2.467424163820866,3.3482186706681687,133.35798601291756,59.303241546605335,13.871388235294416
9,99.61242177333882,0.13216161028349974,0.12738600303584008,710.7118448588809,16.132380458407553,1.9957699854572564,549.8562250078855,77.36542561026518,3.080023829209021,3.1967912994267946,133.60098184074727,61.04339455202542,14.802054824731854
10,99.40617534828874,0.2097467578733172,0.1957940912771245,691.179364195233,24.848411989623344,1.888483776727841,521.3090651117986,64.11682420073537,3.7601581751229167,4.3206054394026765,128.86210748614576,63.87383617657376,16.052086948258896
11,99.6909729556486,0.23837903953853865,0.38501859011524153,713.9823119672712,23.38898086445934,2.195067203198659,522.5693512164838,62.238392387954555,3.301754738094388,4.528745324443472,133.3692212561373,59.39604055828729,13.882504459470772
12,99.64973279224013,0.2303922519005201,0.38518214408126683,708.8370116847273,16.24662681203267,2.1776237358746453,508.18119105958345,65.3949922303398,3.0659155731026706,3.530092856650008,134.3553445729194,57.83337422763045,13.261361834050955
13,99.4637017332035,0.14485386189211197,0.2720313664369859,692.4527709584662,24.208418826173723,1.8157707245474024,539.7404774374965,61.1417371217863,2.648667506230751,3.0418899220618254,127.99233731572477,65.65672767195862,16.97510288811262
14,99.45454749016214,0.24243584426950718,0.2895511636509398,716.2073587232034,23.698963620621285,2.0822300690062754,534.6841112890744,70.62339056002064,2.6660038261163956,3.1643433349528545,133.86693394469532,59.8065508805664,14.022878673545865
15,99.45502135295604,0.14744981749936,0.23453365659349595,717.6261720159544,20.188380571260723,2.1700993269662665,511.03848063943803,78.73211384589922,3.3389739103963803,4.935720069690061,136.58524057088863,56.05397326916741,12.196470598529473
16,99.49127267288786,0.16507993963185355,0.18796323150941938,691.8323387956459,20.912754357449295,1.8722301380509334,504.1190522807921,60.78687081337019,3.988278722442335,3.5908895549548405,130.09716171726626,61.72209702349109,15.095025836528386
17,99.55742692948968,0.24929828102360482,0.1985993636109748,698.3063294444161,18.990027038701303,2.027178092221052,534.0249651037357,62.442198280200536,3.323678379698757,4.538446295676267,130.37384844112634,62.95624935683462,15.759849700289884
18,99.52958350559264,0.22992657980944292,0.30175553682311157,714.1860383937918,15.547616388220312,2.166195319035217,532.7255607140568,69.0439805656687,3.11556683474005,4.249327137708527,134.67609111158563,58.80084266641365,13.737976055523669
19,99.48736874205942,0.2698446820988356,0.325712358831304,712.4477907115097,18.35197241645901,1.8135783914343195,513.6629763499104,78.67750035055809,3.4613010204784924,3.763879279305792,135.57857876605283,57.25082496199532,12.83200145767939
20,99.58355586841672,0.23152257846006866,0.3374737131177546,695.5356305806913,23.028534485980114,2.0789681068987362,547.5431781125205,66.32312209953501,2.930411224567436,3.4113745243911104,128.79866765838372,65.38666765860478,16.857551693283014
21,99.44184815819561,0.21366172066709432,0.3368854428383662,696.2804797001013,15.046320230046028,1.9189396029490204,507.552894589045,70.14469617376784,2.1202846852015704,3.242772836318813,132.50676366823905,59.7960652735778,14.230811746167166
22,99.48764339456056,0.1187349535656185,0.12736183091460712,701.1141630837415,18.334991716911443,2.1697584781506123,521.6167400521301,60.83145718100784,3.1245936317558196,4.230025936077733,131.55794540892774,61.113852415443624,14.863869052966523
23,99.50990855298811,0.1735431606118867,0.24832609141077447,704.5356895557306,18.981686935909433,2.188423298066147,547.18079600838,62.966864019241775,3.9152505690107606,4.549267561275576,131.02307896148488,62.96934173105629,15.76644249862559
24,99.53682099526512,0.1530404735363451,0.1172676280049933,708.5476431459089,20.37395602937923,2.1777065956453736,520.9863658463062,79.73260245917695,2.3506058847153195,4.287808507082262,134.2896396394649,58.92744234195096,13.627881505577731
25,99.63555278841791,0.1487979286758167,0.2648586646971207,701.0674091870932,24.198556164127606,1.9896856866629857,531.9262973832043,79.30237392872091,3.3800097816413315,4.060604266498316,131.53795083111177,62.22416022361055,15.18207254807926
26,99.4599021346475,0.2946021109504891,0.23245915041201312,703.8760414839944,18.46345994365961,2.1448170603957255,519.8797198981397,60.09879961868819,2.401867377318113,3.0839024468632728,132.0922672330422,60.53245916777381,14.571488705746232
27,99.5542703315241,0.17861954493335208,0.36631125482748994,712.4241281440127,18.469532018962276,2.1378197594140285,513.7107601174336,79.03623570846477,3.0716553689461623,4.936977555188768,135.65852973678653,57.13595694204261,12.78290710136354
28,99.57772437065861,0.27840931103542266,0.20527450376562362,691.100496086718,22.375012481097485,1.9276401892973023,549.1988823979914,72.78239875631,2.1933528992934392,4.597428383309149,128.51224022863713,65.8971433428592,17.091999789832457
29,99.413935123816,0.22622772519945258,0.13512010492828178,697.5731083303207,19.522179408898072,2.131566189660271,520.4667003157522,77.35836589040045,2.9007418725163703,3.5856440734019293,132.05147152710808,61.085718355377885,14.73265660489509
30,99.58226345557044,0.2589622607083297,0.14289750461585077,711.4004875765365,17.24604822939982,1.814803053886197,544.7049601839567,69.09479711267718,3.512326657790492,4.959940658717701,133.2367281970763,60.806469771545096,14.690166958869279
31,99.45115723710619,0.2005274186210384,0.3284531895152417,716.856205130616,19.524395161326936,2.0385079513928215,511.4977302945543,70.311920571585,2.695143048477964,4.203763179272644,135.80537065072937,56.6468496154081,12.547468426210052
32,99.41951547789559,0.2153807769252718,0.2854654189948783,705.3503232634699,16.408570203798,1.8920035349150812,510.6552352012542,69.7769316051384,3.329823448974436,4.1648453164144925,133.94791361515743,58.43856714053855,13.517920537090859
33,99.684665661176,0.19850353876377277,0.13033680283683707,705.9634045579595,16.763869865062233,1.8482267543109117,501.5567041442256,73.33728515092209,3.5908999215794584,4.496146358859065,134.65528476795131,57.39041924274648,12.979106534680191
34,99.68968960992237,0.1390485975596089,0.12523204183449924,693.2151603401933,19.9836777273948,1.8307812806516837,532.5833412687942,62.79302509512626,3.8543556389589053,4.623539576180275,129.2225039468363,64.04970229525084,16.280701997880588
35,99.64251920443495,0.24449042305230106,0.310290739437736,703.4223710047037,19.18925449504548,2.078515510351256,518.426317186188,60.59947179745356,2.469284163710907,4.3129572146630055,131.98514111625377,60.53807011505246,14.560787761695115
36,99.49138413075201,0.15615447248817116,0.12182890190925807,705.9785179936507,24.148459010681,1.9359499855072266,543.2179124919819,66.15859883182382,2.798631831618616,3.2561914927324,130.9411189950128,63.02287711466341,15.639581794008384
37,99.42930163420192,0.10486319328629078,0.34655801778710693,697.2741151090419,18.62393899116633,2.0899067086115046,523.6604953345778,74.09361525473294,2.3048320266608346,3.676535011988997,131.7176484337632,61.48423988316184,14.970215673496533
38,99.60526990795366,0.22909445918143356,0.3118726681469489,698.0772969284815,20.805883502780436,1.826142536319577,548.409671395736,64.03706904245897,3.9849670043167507,4.8561672806521,129.42082445824275,64.65864013953741,16.554035408474167
39,99.53204574812189,0.13542213588140978,0.12440463419256995,701.3185248931387,21.322642879195303,1.9261161351322442,509.27627578515603,73.46864866649835,3.854001935848591,3.449231223687704,132.67562146818392,59.79445477533815,14.061203843816763
40,99.43661147045344,0.2880917168705829,0.12545131422555758,690.6021359333317,15.130944565883336,2.015796516950135,543.4311583977806,79.3982409221454,3.079914260561119,3.744334047675027,130.31284119374706,64.02630925586234,16.300194278204554
41,99.54855307303339,0.29078571540051745,0.3959918735503527,699.6623749674953,21.635373720167106,2.1162892659355856,538.8298426395871,61.87801431578837,3.6840665887528425,3.8641537658883918,129.93081133676978,63.65182817780464,16.046556005948933
42,99.41031655633456,0.28297287804408966,0.21228123872683613,696.3434402098964,16.780359668697514,1.927501001172828,538.5460922322026,73.45204236450252,3.041915954544084,3.8788099793889046,130.99179936714134,62.915738512522445,15.729440910573192
43,99.67279612062364,0.17403174005108887,0.2111926441200673,699.8249205653375,24.61070317469455,2.050356550574804,542.2391614058444,68.87500438609142,3.2471713760055194,4.225879164989051,129.88121694123575,64.08050520069207,16.155760501596646
44,99.47763399448002,0.10309132330577349,0.3438398701772508,693.5928639545775,16.48662727753113,2.1543910992944753,538.05119954715,77.36284508755011,2.1782488642320335,4.886151675489415,130.89539195891732,63.06972669809792,15.804396874375751
45,99.5987566853062,0.2856637125175451,0.3841745732151577,716.7158184221969,19.14624123727024,2.046345275272922,531.3110160815708,63.54299578894772,3.510540840993616,3.48138542366501,134.18300125724443,59.099540409440024,13.82472738736701
46,99.49351332282683,0.18563682966346284,0.3958003191468613,707.8077736066215,15.853496680786439,1.8931837899014536,506.56224388411937,73.85251904452329,2.25542696727047,3.243002752601836,135.01001992703362,57.35831476348792,12.975028549340065
47,99.55602040635334,0.2933309638087339,0.3260134555776825,710.3730695743346,24.96874251845947,1.8097603126226152,501.6263089745626,76.76230579296221,3.652135260505057,3.3949409797198746,134.5677224116986,57.62579584986265,12.866961662701376
48,99.56401308380299,0.29272399541785055,0.21287787565927474,713.6751371582202,20.021950103312427,2.148039549560372,546.0423923907844,78.89228438948047,3.564056175340772,4.773849800418539,134.02196757396197,60.38898883386762,14.372126083080566
49,99.45545633665766,0.270601891093472,0.12505021500960065,704.9532659678717,20.953850173200436,1.8085077643401548,530.832515726037,73.66496056579291,3.417489395485953,4.2916216253104125,132.4698713677278,61.03849289399324,14.684103439600738
50,99.69087538832937,0.15888977841391713,0.33314407477823105,692.6076086426227,15.670764773884274,2.14988066907368,539.8268645488088,69.94349528016855,2.0723207610495242,3.57181357847832,129.990102375083,63.92931936306098,16.302213275271228
51,99.63253984700833,0.17701954572038506,0.2675212749207415,706.1131962545564,22.49960470399178,2.011574853610885,524.0761175756274,72.35694480402428,2.606256711890657,4.631893877937235,132.69399678995103,60.44611415663615,14.370756474656908
52,99.68184968246926,0.27022733430337137,0.2272666027740929,707.6052335406264,17.099055930955856,2.1756270794051584,505.86540944811975,77.37809968957436,2.526225139821686,4.722739992726872,135.11833890163638,57.26306027866922,12.896524539118456
53,99.6684482051283,0.16338440103125554,0.3719063155284208,712.36318422553,23.980542894407137,2.119513294309466,506.2592896101275,71.4121949327766,2.720272814943038,4.693028677380556,134.53318182186104,57.687139165122986,12.964002844623144
54,99.57936999364333,0.1338985493372185,0.1333592446918454,702.9497863868904,17.05139640482007,2.199173644213335,534.2782643614486,60.60774119393674,2.175285493527677,4.837853067279109,131.49175734961972,61.794679595335914,15.242959890586343
55,99.67656227050693,0.21136025249167,0.24778753128725778,693.8274090838669,16.906877206636665,1.9402847261806841,521.5152947449732,78.61897391013956,3.873915646062126,3.504482040346723,131.58561360839116,61.66241331473442,15.087476512961368
56,99.42654775061558,0.2872309548321562,0.10340609343022572,698.5132771739617,15.365496678480948,2.106875315572451,510.02623633501685,73.79053502063122,3.1076044814247528,4.510083857492557,133.13210640766277,59.32899599707971,13.975941553472623
57,99.45879485872575,0.23920595933499458,0.24059819259823792,700.8924688919591,19.720669451099994,1.960772365443697,524.5797273370719,73.53026771554494,2.611048621316047,3.92107899454828,132.16411019525881,61.05449925299311,14.728344465540934
58,99.41356818667316,0.214012234017873,0.11689098270455121,709.377517239948,20.648411332626164,1.9919502481215636,503.2104468537567,64.31350304795434,2.793963034148567,4.683997105780123,134.10694836365164,57.72219640351166,13.083757319977705
59,99.49759909922898,0.11943529875415371,0.13564537488042158,707.1233491400674,15.657086394283525,2.051002185287348,529.09857009572,73.17770940465314,2.8944050810096713,4.456981354323227,133.77747261058022,59.63075396774202,14.124471297510713
60,99.51660318690685,0.22300144533983396,0.13525787403313147,700.6829017769354,22.755276166950104,2.1494708456745357,513.4496702217549,67.87728811308317,3.201188666721235,4.552894892999449,131.78090336275653,60.67990247909722,14.501997179525024
61,99.48140470953217,0.29801077002085263,0.2947630906348191,719.5954574637894,19.532888347480277,2.1936333876797183,539.8779550318594,73.02465954082984,3.0313588553929955,4.312323675362143,135.14871012537068,58.798138111078366,13.615502786255021
62,99.64862125274558,0.1280168030473048,0.32381346377962705,708.1732445807066,20.2439026932758,2.1073093655458073,515.5180979461787,62.13186060615981,3.8387839464288347,3.354857538939414,132.95656925734423,59.502022867012755,14.009904906747334
63,99.50702599800807,0.20366593047274734,0.2750106295291479,697.1168037520798,19.40762746938228,1.9671067128669337,522.7610074540901,73.15690609206072,2.9939269658116605,4.090053837793876,131.49530389966782,61.61371429405151,15.02024643111731
64,99.48428035290623,0.27547461438559107,0.3886517645423626,693.0534741786121,19.00763060875326,1.9685428009108281,500.581026995405,79.98827451541334,3.9843160296466253,4.969339479049016,132.4216404878639,59.72717699841046,14.05172666308197
65,99.56280882494748,0.2481537235508409,0.21246117385711125,694.58577417553,20.596403313082178,2.095032920635557,503.62234438972797,60.96424077721112,3.7028499154901917,4.874776132994238,130.80074945210373,60.94480856738913,14.723664425847895
66,99.44227726749243,0.2394031481990536,0.18571362588455825,697.3787318515352,16.552402459307125,1.895510858307321,519.6246778203342,79.54348368442635,2.4170210287146716,3.0863474715940233,132.6295777267004,60.56370081773148,14.529302118084775
67,99.64065909422621,0.24049681679742185,0.3605797384568381,694.8204411977866,16.81928130495271,1.844189645252558,523.9969417358561,68.13815921445742,3.8611904292878325,3.3296296314588743,130.8312027897073,62.23176159707604,15.4220666139108
68,99.42236519310394,0.17189823024395104,0.1670787515558358,695.5970107215392,23.617856210135173,1.9418488630563107,530.0010274059651,77.41506900674518,2.232732795770952,3.263457546909124,130.5513075655653,63.08793218894256,15.625818069731055
69,99.69606608098016,0.15871836885289867,0.3889667618321835,698.5528550608154,24.461154621336327,1.9148955966616328,514.5831289354652,75.64770968116547,3.634899416982383,4.451959819970591,131.5506722824458,61.21857507769211,14.691770296855678
70,99.63167343078901,0.2618722310957027,0.10364634240694491,695.2012078588426,18.73309316279753,1.9185232481823962,534.7490943063272,71.34032521973336,2.76124658695316,4.63557065971389,130.44817298749092,63.19326782864109,15.840744328136866
71,99.45961470446025,0.26202267893583614,0.3909636480122918,716.9029627387928,17.70744673143554,1.893443100419964,543.0061198594602,74.76898418502653,3.7559486408901392,3.427022732621344,134.7798593855346,59.410566980395274,13.94853642922222
72,99.40165663513709,0.27341446371602074,0.11294797358517283,692.4070123698492,21.439995432390155,1.8168372758545448,538.9925494446675,77.57031122602696,3.736113380214901,4.011705385903658,129.7909235263795,64.24803254305111,16.25475277961816
73,99.64463842853645,0.28264811051129424,0.3673429341094214,705.7353416871076,19.087341710980965,1.8071495738933656,501.98094126741785,68.08280643302066,3.611850800235242,4.6814060560224,133.84011889681395,58.05568739159773,13.276692529502855
74,99.6120572031543,0.20226847977218754,0.25831033272589,702.3119048096898,15.253863556603449,2.1950889558944127,524.0253473628915,66.54066323126477,3.5800608726141228,4.465603089532501,132.54685146142998,60.41276076076518,14.568786004145728
75,99.6187021504123,0.20030325893743992,0.3978894388357902,719.4713585072582,16.561525973661904,1.971109253494345,505.24650892090875,73.3518677112717,2.6093582781960816,4.084474410983697,137.25143981364644,55.00299457544722,11.790768184951148
76,99.63138110400578,0.25965903579335503,0.12213896942061966,693.3611670650416,22.159722288473976,1.9537306588638728,512.1022507931264,76.15691883882516,2.1618385661025044,4.180695380917546,131.0827162735338,61.59958878698092,14.935197717050697
77,99.42221339552023,0.22999278615555302,0.26615628532039626,701.9356679713723,21.589239419101514,2.0718589130772282,549.3331296633573,75.24570269553232,2.805960357530323,4.01672109383256,131.01670519094927,63.480648054369645,15.887630965397953
78,99.50753971856328,0.24039337545154066,0.3907907606857297,719.084112998261,15.270959925034834,1.8873015551460257,507.12477714507565,75.95627297717269,2.347049029973017,3.595096902637641,137.50149923413906,54.94095644885466,11.770918893998141
79,99.43476071785754,0.2591585338872202,0.2569293532510447,715.9652137768194,17.219721619329494,2.1799844735800904,524.9444076725678,68.71166629625866,3.3899021778049234,4.130043985718032,135.1686967267035,57.90294849653444,13.24456044640297
80,99.65893102776268,0.27800106836351324,0.2888195914405788,714.5121621284784,17.310747965880715,2.114538005766221,530.907786715906,76.35668432350043,2.6921994530755713,4.377770604100181,135.11496957698262,58.50120286655822,13.512432004075713
81,99.58698943804828,0.16759903137030716,0.30872460669538515,697.7370848113482,21.718927435987283,1.835764400924904,535.1232485272052,62.40418110741217,3.95122040171983,4.746645831721615,129.75332625351191,63.616816054272256,16.017836339629543
82,99.4992694074558,0.1751165905279888,0.236362319430332,695.126627621702,15.197105377543641,1.9670323103139715,527.9824341743457,70.88978195921699,3.281944154690664,4.272582707958496,131.2899868445352,61.99930668675931,15.329251238827196
83,99.4190675050858,0.11879638796817381,0.2882674240252191,710.0592965977329,16.041085819845737,2.151647323024866,500.4885423709592,60.11517320996243,3.644961127268722,4.522243074086316,134.71478423497317,56.85244306540523,12.790121316101699
84,99.49329469651471,0.2156560281992348,0.27529429357693014,717.8812796738275,22.999160853731894,2.1778928089165643,516.3230654121996,66.49171659800541,2.265049345483697,3.320143269909146,134.9080929493529,57.72348363189844,13.024305730709129
85,99.49755499660803,0.10718845475934842,0.37034740314729675,706.7028867904179,16.785446620543336,1.986960604499948,525.8855821692356,67.32923069742796,3.724028964545245,3.92311494883958,133.15892865264695,59.93158683931106,14.273997668620204
86,99.61888185350142,0.19311960362649203,0.11363391410243737,707.148380684097,21.527461078518748,2.045364555684283,504.39332495724165,67.9234538321851,3.8455143810267884,3.0186632396541864,133.56731847847408,58.52255126391072,13.455776865177057
87,99.59126724140657,0.2085289269415153,0.1842889568776691,698.3993728098085,17.381827810467264,1.86681357843683,517.531346560459,73.90934413379725,2.9741238376378716,3.493357729043246,132.30439922567655,60.604166025672455,14.563558366329007
88,99.6661638227729,0.15730825042565688,0.3851234452229677,713.0847879957581,15.994413927593452,2.196467450454791,501.6601554395683,67.77116202540691,3.2125058755019547,4.45292343022601,135.79593291124928,56.0920548735023,12.386513493086564
89,99.5416644775486,0.21816665211380215,0.367079135167275,695.6113124567257,17.43172190999454,1.8926686805533774,503.92892485775104,68.97387245245062,3.529619601805991,4.983619902698727,132.1048612422711,59.89049043079183,14.228446089677819
90,99.4358782737815,0.10610004998780989,0.23669702583571392,699.7103770921273,22.22266931855659,2.17709270965405,519.8461638100798,64.75088261748655,2.349677254520825,3.198356199174432,131.08922289331278,61.66578502058999,15.020678059222355
91,99.6139734361669,0.10746963774984289,0.28603977934046104,702.7630931584926,23.55696468106286,2.0598586595969475,506.63578770215304,67.4650358325868,3.005132152926885,3.8029886317225765,132.30487936952963,59.852057681056905,14.072273975935202
92,99.62823551458507,0.2645201121319316,0.18321435489433982,705.2283113605337,23.302198645669918,2.043094717951544,528.3770424130779,64.54539254526303,2.797326055544626,4.600141937398319,131.5542143393881,61.56584275165683,14.95034406422815
93,99.56838315927085,0.17203812828225257,0.1564363479171284,697.2722919724524,18.971835296184548,2.0050754044066035,534.4732484568633,61.46391847536887,2.2927479843244982,3.408071269257798,130.03690955591466,63.35417769381053,15.964044792219555
94,99.63129015398637,0.12541210253037696,0.23910952148199469,693.4451047421761,21.68085136570646,1.8922679246871035,540.0293349554541,72.06897186762755,2.735068844583063,4.110169898604573,129.42111140568363,64.53269433014047,16.432313567029357
95,99.54813867890932,0.20444865201096085,0.20600566840781587,708.318601273249,17.04984295415821,1.8706112128022034,510.0075122122405,73.36425597110032,2.136344618770987,4.46614259205935,134.76203111935843,57.70941546248689,13.125165647863517
96,99.5568198488146,0.2539987106197221,0.27509683355526166,698.6589165972076,17.931477302610134,1.8881944836280702,508.3741291129535,72.38980692019229,2.051623813898974,4.231970900520358,132.69068116146371,59.683286703506184,14.095894211536441
97,99.52826230550757,0.14316420549936865,0.12332039108949547,707.4371466426784,23.9633581852112,1.8745753048577019,505.22839201672,69.26988087601144,2.2703325783096453,3.376049469230832,133.4099415743939,58.750894884028554,13.492664457425045
98,99.40762573802323,0.22457809516380006,0.39231844229985,694.6308814582261,15.13001923510736,2.1118337894267016,531.8215124771818,67.5957156035846,3.9262302231783477,3.7107691373714786,130.74913966471343,62.645769241955186,15.670391862665955
99,99.43236742809799,0.1170694929987536,0.3958632233438809,704.4342030556445,15.85508530854468,1.9400501036666922,535.3237863243451,77.26667299143651,3.099059071790034,4.567583568970795,133.24018778336722,60.587868696236505,14.571043724962358
100,99.40942875570603,0.11033634423372154,0.30944851420592356,705.9776829765476,17.078862551460272,1.8231370706253587,501.5793072412821,70.38163570272437,3.9316443223064397,4.108453028264034,134.45128823326849,57.49532998081172,13.02395079800979
101,99.59092312337914,0.2062709263136296,0.26082890990323615,691.5547061046728,15.265322038738198,2.1876410520563248,546.8106123121845,69.58363755259462,2.8649957566602637,3.0104592270858257,129.45427124823064,64.81368788737343,16.75246809268593
102,99.49430679432291,0.2081270243220213,0.19285828488589835,700.0981283458176,16.814354350897972,2.1535143539853703,502.5985641825736,60.512841316128714,2.623632266170519,4.521981520056188,132.53359043837753,59.1688182910028,13.930806850484009
103,99.55257120734942,0.22748598029964132,0.3441385059120846,694.0324403081693,20.83041560969692,2.171100913278085,527.0648167650535,66.82495655252313,3.012283725680488,3.070622709880478,129.89392563824015,63.29566704457231,15.865709937046937
104,99.67226994217783,0.24521826674453231,0.3054193517661638,691.9012491141831,19.21424550592498,2.197963129058574,535.4530259725458,67.60391237571714,2.8790233772658205,4.4914675654624645,129.38286570136782,64.19176635070299,16.357059866805425
105,99.47478766874467,0.2951704158925069,0.1487850818034674,719.6988069716983,23.92671711076975,1.869558099687795,543.5484561873043,67.97645561793802,2.211329368523488,3.4049611203304746,133.87239638522578,60.15943750985028,14.201494675494072
106,99.5231148769107,0.20326006966023907,0.3732781553481528,699.6706153492416,23.17443561738441,1.9584968075610636,535.7043466066214,71.60344738454664,3.2816526293804125,4.916146960238761,130.6949776867957,62.97203067845709,15.613547859943573
107,99.62666534156291,0.1645912945882492,0.34676117287695074,714.2962333756391,18.41817351697876,2.1032953902816365,540.0864041534896,70.67205093453757,2.432076365019199,3.735881502604169,133.97945970125213,59.956573729834346,14.238904401106607
108,99.4686394496475,0.25903723895374076,0.3849399739875773,697.639219642913,17.594234334312926,2.078408247221517,516.9725096271403,72.15810185586889,3.239175909795659,3.653863232676158,132.07863437475126,60.72651318651483,14.628394445519268
109,99.42309397294865,0.15416645025241485,0.317715852516508,710.4450816667179,18.79692408167267,1.8615583625359422,540.7412556873256,75.29766523084257,3.3004021847963068,3.2977761006648896,133.49902314175728,60.601386169947915,14.51128310630144
110,99.48692543587414,0.1877942841411272,0.28402455878073696,712.8068357966906,20.902949425148076,2.1263332499962475,504.0057423192338,76.25971477432188,2.304049706257296,3.6112084309804295,135.6157168925612,56.677453291605936,12.502990605596244
111,99.4483663861762,0.1156912762684532,0.22547291088718568,707.8691622182354,17.680636408228764,1.8897762287346644,544.7408328030264,74.36246152452989,2.1226992542213363,4.753301523656401,132.97730743118302,61.23655262459678,14.863559700640879
112,99.67890929570278,0.1050701486830915,0.37981854500620404,704.1472856565048,21.24148907849134,1.8895270459290494,527.3796188076868,79.1104739190987,3.5615231721368796,4.992668675254494,132.82326746758125,60.66166995446226,14.474876656836368
113,99.64243611386932,0.292529682935585,0.3598191668501225,702.3552274244181,19.094116521912404,2.0147897691573657,540.8648884981246,60.36465165352723,2.91960084753864,3.7366190610136965,130.59660317296525,63.065797451407654,15.826288053156574
114,99.59002112695313,0.26719602410244114,0.11356560103185682,700.4660479962898,20.5204718085198,2.0371759739366815,522.615914225915,63.91555971367092,2.1163275910109514,3.897221261909085,131.2566682757555,61.59457200064017,15.035312742104498
115,99.66143817705633,0.2391948412187396,0.1079100923491756,717.8858743274347,19.361265291353167,2.0320344831351247,532.1788847598262,60.151257499562846,3.9897326343395343,4.4441418764054745,134.07728472603876,59.10023663448139,13.839363340805921
116,99.64110162306974,0.181790588882854,0.2129390100634149,714.9185822336319,17.944657595419176,1.836594734959102,526.3201330468056,72.94949428309206,2.1155611219927333,4.772391560930149,135.0743422663753,58.19448418749826,13.351031105650438
117,99.45597101766582,0.13465886401416916,0.34316599923454993,718.9508073199954,24.484533069621566,2.1509843450521524,536.5794760877666,77.96061097899974,3.3900704577171066,4.186088668373568,134.82566892461355,59.104515172915484,13.617669286057064
118,99.667767699547,0.13128740853421722,0.39618283879448335,693.7289167045664,22.636057941597606,1.9062400170354825,504.08149910152946,64.86964593152598,3.9673578505268274,3.783051396355659,130.48952012530594,61.45859482934794,14.909623321964812
119,99.5618026725747,0.15004857963291907,0.14512506733105845,711.9260242561094,16.401131757664526,1.8518059685131216,503.0176041995282,78.54069089592613,2.4783602084318512,3.8252436816972475,136.29478105492322,56.012454363019266,12.267139745772514
120,99.64223204654922,0.2098453329412241,0.2782392146056406,718.1502137046311,23.68467975897913,2.155499231947591,512.3551617005073,61.20534780579122,2.2844987373743924,4.3912362929936135,134.62569447362085,57.61004044820981,12.983653070387351
121,99.66882738997705,0.24291918454001246,0.2142672569893065,695.4369919849698,19.874311982495136,2.1822605992919017,507.9772340056594,78.68872053611028,2.242769878844858,3.0064365272085576,132.196221376159,60.417435154056115,14.397325362262732
122,99.49540104249157,0.23203947534354624,0.390974319344381,691.9948880210034,23.945522268940913,2.1448510469061803,543.58917832961,67.03245374479269,2.6065502951351913,4.239178674919682,128.3003737595484,65.66157443682775,16.96610247649815
123,99.4330155773583,0.15598677938918856,0.35263567694071263,712.2336194787018,22.998552559473154,2.1238064298899513,510.96069936790224,62.02841656898433,2.2020916220212934,3.710986020882715,133.7298403333722,58.47477847256392,13.417648311214817
124,99.46838054876258,0.2909730561326388,0.3514986114133414,707.2341933953974,19.252135044692334,2.062096792255609,548.7932627909565,69.71743518372651,3.384322683388264,4.588394662554169,132.00349760987254,62.271263680101754,15.371023219220737
125,99.52813233658789,0.2475793833391537,0.2406079479384911,715.2548633027482,15.224693083201174,2.020342948243656,516.8447895885554,65.13553135441016,2.124583596260125,3.1859812796462643,135.3822146432782,57.24635911049574,12.983901476672486
126,99.64540442977675,0.21087081050228013,0.22444585070129958,694.1931712987887,17.68677359384946,1.834794703964564,509.10589578443495,65.69745803923846,3.0188442562995794,4.176404533896781,131.18969267208928,61.02205763202945,14.80768624858008
127,99.6582191749769,0.22234414924687046,0.18202212157921188,713.8580193557967,20.41634214660867,1.9633812852282797,539.484925357124,66.14579929852573,3.9933937077059536,3.9619457797722477,133.19791616148342,60.54849477676056,14.504922235528136
128,99.40208563915937,0.18392001248555798,0.11691264899527815,696.0488196014323,21.334782198261472,1.9490754068049256,532.9353887750437,76.06051795665327,3.6279405390120374,4.284651051810455,130.74708620976423,62.931195373622856,15.610502086233737
129,99.55322419077328,0.1495461979002315,0.359416712876516,694.9096782859712,17.578876854332023,1.9039015135041306,524.909785822657,70.78322553350509,3.2304388764620215,3.129707188965937,130.95094554878753,62.24457317921487,15.393676795525401
130,99.52522330094463,0.1711945357302523,0.3438703027390233,694.9279739379298,16.39356074072824,2.089368045475434,527.7681775468816,66.22615398312007,2.6125072415732236,4.159967574856262,130.72471476344757,62.42887761232603,15.542411224140707
131,99.46663234314123,0.2515692220928738,0.39991530198583924,714.4372416069415,23.34930236799299,1.9983502940315083,535.9600889136132,72.20667566621836,3.247791672583277,4.122969175919048,133.64547937457127,60.086762199888284,14.161897288391234
132,99.43595961020011,0.10287869772595118,0.3989910511221717,709.955916620886,24.84402180703552,1.8324184863630593,511.42273706656493,74.32301348446387,3.0540829278233033,4.121320188832342,133.9225858047139,58.645230575448416,13.386670210226896
133,99.5012845514211,0.12321452810138325,0.2666295116807883,705.6919627430735,20.25690182302686,1.8880732807799245,549.8166958028371,65.45248001467067,2.852166767780743,4.20697533319291,131.11829815732827,63.10736905405837,15.78170600737461
134,99.68287291117376,0.10920052840435056,0.33069622455415315,700.7649145237051,16.716792858483036,2.0733035054638385,548.7396581073392,68.27098203050703,2.261420753480399,4.352935874452724,130.9141449902373,63.35899366590481,15.996564852060402
135,99.49696087960623,0.10814576046379404,0.38342971896472844,716.3160162243933,17.72307326519369,1.8304523437961202,532.5162843173468,62.437721866738954,3.7732084304809335,4.60997799936154,134.23550931816217,59.004901657395095,13.8069470020282
136,99.55563718652301,0.27109211680220147,0.35489421720322345,701.773353222679,15.183906765474667,2.140482765619508,509.9771225464573,63.622986990693605,2.8995692976426453,3.5396414402564287,132.90985585668355,59.307275834023194,14.027921655216002
137,99.61090568766856,0.24073157187600472,0.1742044305229593,714.4979831841473,24.14298806560499,1.9980586108055898,534.0114121215646,73.62235707929966,2.3892450236415304,4.650098820360125,133.74363756357636,59.9302969323933,14.063949021867622
138,99.50908888071379,0.19483476581746503,0.2351632405930281,703.1740472571065,16.17751082890141,1.9922346309306593,503.6099204489588,63.62876695391254,2.7355187017545792,3.9965113645269073,133.39133607893245,58.48175108496037,13.583515419951702
139,99.69153462481628,0.1195668321302003,0.1387478245454485,701.3083328827472,20.765164755142536,2.0369631138638074,501.5326251102903,70.5032676733412,2.8282595050578543,3.1541165582686626,132.87046252585245,59.16443179937995,13.786256067101434
140,99.68873418848264,0.19832317502336647,0.38621530817761673,703.8803935700882,17.74055220687206,2.1298723863700597,512.8841444255606,74.18092523444865,3.655075791133749,3.1171018584879584,133.54895906289903,59.157143483424996,13.842486191383685
141,99.47553468874762,0.19469435415611314,0.28185239033526405,699.0413362249243,20.541780025157934,1.9391236831608774,523.1311478369659,62.13753846189488,3.4672287611228043,3.6684766373921214,130.78455138816747,62.02558950693162,15.250513005459597
142,99.54917455176772,0.13464037398200304,0.16859284165103883,712.4282814052875,21.514203883518643,2.0712064610236256,543.4136252704191,71.34624439257807,3.5386097872826796,4.569793954222935,133.06532621590299,60.996784038988146,14.673400621862308
143,99.49026349294503,0.18677032984759462,0.30151020532175704,705.0816117027744,23.297418037072017,2.0262927855983164,536.3584534883154,65.13125567402727,2.0220625288572944,4.415361869481831,131.24091751349067,62.298980461677765,15.306700459757145
144,99.48545214831324,0.1797009468794747,0.2854384721373688,696.9663808544045,17.064212717606033,1.9068113080677687,537.1353260599991,79.2585375047516,2.832307996359523,4.577229929344813,131.61795348867813,62.3679295778649,15.422543730126229
145,99.41106608420637,0.2231700196104433,0.20744881540985216,716.987237198237,15.109958286584805,2.1514519945420636,521.2746667224038,69.6709129343985,2.9626883032706472,4.034538112883219,135.96445841760908,56.95915512628685,12.818570905353392
146,99.58286930019398,0.22701873017352875,0.1340672776598887,701.5167366411963,16.368856300688073,2.118970408642771,517.2967496273482,76.11985099550316,2.0383845536461136,3.880397995910981,133.34438716538173,59.60792903053814,14.086856430043339
147,99.55080370696867,0.10906080195440891,0.30147195867783994,706.3065858334196,24.00018641848105,2.0633807338633705,518.5519381492302,71.00453084312524,2.5196264174900684,3.2949050534125677,132.64922781464512,60.23364387196151,14.231236228667441
148,99.415443625375,0.17492252292529425,0.256092310271138,717.1941633289364,23.738900775625154,2.140232691637697,549.3824781868029,60.86825065709638,3.5205796462442702,3.656385507218623,132.56338139765845,61.51530932210871,14.924820050396125
149,99.48359393927099,0.22517198314284728,0.3316955175206918,708.7271398774197,20.974131021703084,2.146917680383921,502.0054595706241,72.66302751188044,2.274219411457998,3.8680387323477508,134.61850709125136,57.4538719758314,12.907854802188785
150,99.67247976579,0.20062725171601753,0.25604905033359804,693.5069412212509,21.005168604336532,2.083345190686014,543.3515748061225,79.02806684413314,3.0706202629051833,3.1772008593592345,129.87136360865767,64.50473886795446,16.40822422865824
151,99.47186856720009,0.27129796823766444,0.35565445009556207,718.1949637084042,21.650366745462556,2.134805331345469,528.9337704286197,72.03223640292663,2.430403744034475,3.4412239054224223,134.9912103098692,58.42726692765813,13.37985070147823
152,99.44346846162738,0.231738726323789,0.26557205163234565,708.8312415921425,16.753712786234495,2.0789885846677136,521.9307709594796,76.3837771885358,2.0242415492877868,4.196450588127478,134.6069617843458,58.55537198054773,13.541467365296727
153,99.54683582808327,0.13258688541628594,0.2682813914606159,700.0471684397126,24.1441194592496,2.0720563087041204,536.2628830207568,77.68412926696816,2.482402915199083,4.47132622847838,131.08696748297976,62.822993788299584,15.488976741998997
154,99.69569513623318,0.11411374948008597,0.36299608079750356,694.1781621799016,19.187705248920732,2.0474445512860737,524.3334470712351,64.56159543897866,3.9517475098201076,4.996695022785899,130.1234806566788,62.770256847438155,15.658835908651408
155,99.47261658145345,0.2284838556412631,0.22104485986371913,713.8207556781089,18.831385282494974,2.1010866558230568,543.6711619040831,64.24089679816453,3.6030742237659794,4.866226662687115,133.21143813131883,60.62726645060358,14.588307537995956
156,99.60164066422176,0.10530226210832437,0.14020456853519223,708.6021826778554,20.189177052828377,1.8634420421172295,545.0350932005629,72.21961977701983,3.919153288642067,4.285130399070383,132.42024475959755,61.764814507323436,15.082565022930511
157,99.62848588459862,0.21715511625469264,0.1086348028940017,706.0038327592896,15.46965966775055,2.1523483036795716,521.0860463436728,68.2205693961341,2.975708087852725,3.8424961065881442,133.51035487542475,59.39153122589484,14.043916017613293
158,99.47129126319773,0.2880460482849915,0.3265411767020857,716.8167774915287,16.662833687560795,2.148737411098093,513.8413898617525,76.7972260573344,2.2194723973550072,4.272354729416465,136.64902983705164,56.11827310363143,12.326606264832852
159,99.61846490458356,0.21509483557517578,0.2860928654060394,713.657916336736,22.380336164263703,1.8116989132138237,529.6175164296681,78.00046246796022,3.095918977947386,4.571303236160464,134.3631655406186,59.220046293774466,13.72578664306643
160,99.51033493981578,0.1776339852413044,0.31122393042976715,694.5502463919826,15.827986679251264,2.130326700225905,545.6181672808345,67.06842758605436,2.9087546691199218,3.2366723818467746,129.86388679246647,64.24918672735491,16.462978106763476
161,99.58969174917807,0.22865764368847064,0.16388924845267322,699.3516620338664,21.03152109466388,1.851547946989378,510.53310945028335,64.73741117948964,3.688714165479232,3.8198097793925765,131.55754882345167,60.702320528740564,14.566716206974826
162,99.59005891322828,0.19165057809830333,0.14091144267603095,697.454674194434,17.45349109681321,1.934047541703657,531.1483291781741,75.61051030487724,2.196165161568489,4.679604571271234,131.64981200244182,61.93898377675673,15.222626431346178
163,99.56073240522244,0.20912335786318698,0.10436339970036458,712.3183887771803,18.892956140419766,2.097403302516643,531.578011004626,65.49612071096273,2.9764822740435566,3.767665903866088,133.53505963615345,59.80664965799519,14.174479041268905
164,99.42708693101633,0.28829296175530505,0.2051762676419791,691.0059730420734,17.886937367707,1.8643039584193233,536.6556511207641,76.45228637027357,2.3000973293879685,4.143744542454373,130.11533428751883,63.783537352312685,16.11961727541568
165,99.65059074867678,0.17722052756015486,0.27697530605639,707.0966905461395,18.55672716464949,2.127186809647625,506.578384256363,68.47476507297526,2.6493518537801197,4.175538721724396,134.02666978951723,58.14628099573383,13.343193635109072
166,99.49623401949152,0.29223811276478284,0.21767321352991972,712.8737605722207,22.190459051842453,2.132853671183097,535.7912482341044,73.35099798582941,3.474714154775599,3.368952506267279,133.56369864382074,60.23282234254742,14.263692016158569
167,99.45595555311996,0.2810701283912127,0.23124247660711875,716.3029691028524,17.971217156231752,2.0029870935043346,545.4516260332821,61.91070627669336,2.9520362587375333,3.7244708833045768,133.52076539211262,60.398988746411625,14.503547803377685
168,99.41223254246644,0.1391582269578593,0.37124760834812454,700.2624524614772,20.66404640296897,1.8025543486867335,508.9841554435121,72.47718649353146,2.751776570291539,3.6690225774838643,132.57811092880453,59.835666797846535,14.093534563965312
169,99.57726788295648,0.1138722601750331,0.20447664010699013,714.6377191401604,19.760504021990997,1.9148152532699652,511.8771662461939,69.03535357474459,2.7889525571400706,3.0523934170641294,135.0819636646867,57.42017284673637,12.937204906690608
170,99.60326930855268,0.12015560027548533,0.2541968467479433,693.3189521086562,21.63671165362648,2.046770767350297,548.569754702082,71.73216926350948,2.9188935368119733,3.0483835277827103,128.9165912032627,65.50258042884471,16.923278165212295
171,99.40497634867836,0.10364436513030995,0.335095903822343,715.3935687520355,24.36829739324758,2.1924744712109696,509.0488476354745,63.36028415489727,3.5700330876741138,4.663394087351547,134.38317511142515,57.701703394619045,12.990865893274087
172,99.55362791748979,0.11888859215118569,0.21896283469638106,693.8246598699594,22.325720972102502,2.0527254108066675,542.7192546684789,74.73747489888365,3.7841693778804686,3.546141619945625,129.46671246040887,64.71158853695447,16.49322702787896
173,99.46794873255939,0.23660135468327137,0.2866260100683621,701.918618716811,17.149403785907566,1.903921432425664,524.6138928224018,77.25594155086458,3.9106693730078566,4.036157532477631,133.0087943040776,60.30545888647042,14.398229720433937
174,99.59355183712285,0.1142377296920458,0.3587091126240236,713.9188609733866,15.311831350612847,2.0536022812398445,512.3615537201589,64.33479600181552,3.57380677251059,3.597451147177546,135.2163013336811,57.13556479100964,12.934598292023749
175,99.4523099287015,0.16379512605875227,0.38485618709729263,694.4975228204632,17.62264044299825,2.0159941518863422,543.5374950636256,61.914291110403234,2.6308137914960255,4.8813584902306815,129.37819598776863,64.39096242916844,16.50843906894891
176,99.60728132143075,0.2689750621938909,0.1441220442787114,696.8775418569793,20.95077930700255,2.1119381580604575,522.2652627501333,60.47277172092673,3.3762694121730843,3.5185935177315475,130.16037295626808,62.57810909500115,15.536643417034233
177,99.51602060389017,0.10465438714716518,0.37797628754844836,711.667577051792,15.514258134842503,1.8427922555307834,525.7408676964845,72.83943000886532,2.875206248110784,3.85931362547787,134.79106818384463,58.47104241787957,13.544552403384834
178,99.68101899662102,0.26289369651778716,0.24763488792386149,711.6010960963822,19.963662472012363,2.104411161000811,517.9616684699882,72.14188072177562,2.509341244092102,4.7454605009692035,134.45896318789457,58.369112119430795,13.401938378967289
179,99.4412562832438,0.15637095495467998,0.1774733164896875,709.2344289865589,20.968428489168893,2.016506631470444,529.6475425717464,70.9339482542814,3.6817431588518454,4.683867133583617,133.20284946745477,60.14066094881765,14.254008034014495
180,99.50231990531508,0.12363296552433126,0.23774072687147843,710.818453334013,18.34243890816961,2.185196801543598,508.17619362925115,64.6389419223195,2.07685269792465,3.372202835692555,134.4585267817754,57.71030447912439,13.144068456558413
181,99.43404205637218,0.23934743307283013,0.3940097725856432,706.2817333004278,22.70912203745822,1.9367488664154746,519.5540768325881,67.8181199181103,3.8035239842708473,4.605286619591421,132.59394078183038,60.15341129215728,14.229691564362703
182,99.67740808548358,0.2257885693559768,0.2477854281978609,697.5539717672086,16.065982531337717,2.0530487572535794,548.4706161167644,71.88952670372346,2.9229549292494683,3.9163737734757853,130.63099998652893,63.75190919100304,16.190319265691247
183,99.6632018060143,0.2754944027054106,0.1986254830862525,700.3708798051176,15.751377817358087,2.1728112422040073,512.9066716350563,69.93533717718338,3.274402953616561,3.96593774417071,132.8730278812564,59.66564507966865,14.167705836081286
184,99.47738248831455,0.24701420876077715,0.29002025629501776,695.4479315040428,22.281887562036033,1.8410038911962718,532.8368332270646,79.75571040429774,3.3187078444115654,3.2669599448318873,130.70285249319684,63.14286365343109,15.674705326794772
185,99.59799521381025,0.2606961860769697,0.17204368563345795,717.2535168400088,19.954913162061985,2.1748913948945807,516.2595032112347,62.72879505113466,3.790235481413073,3.161203027514249,134.84543897812017,57.67323704916677,13.099248222813511
186,99.64516666006037,0.1564069145142613,0.12275899843259919,707.5017538429836,21.88402396427736,2.0751542889203254,538.67365628433,73.90289108095187,3.2733393643344146,4.45587861394753,132.43033816085,61.489420727460384,14.902608270889127
187,99.56656024347984,0.13548790875594457,0.13866391657319477,702.0255425029092,19.348273386037462,1.8271348236420688,506.54368303591747,68.08637536208585,3.2278671695201235,3.9929223047105995,132.8414928549694,59.313013795106286,13.895510242975039
188,99.55889517350681,0.25012295032817167,0.13841375168733175,703.860174109324,17.46402033239107,1.9203854267787266,548.4910522539273,68.56399229851229,2.1333040811213797,3.873701405230359,131.47116496429382,62.81117882363588,15.691725263494304
189,99.47255568727014,0.2613669478534528,0.14557080805368833,718.4185001883544,23.191023176741997,2.083268835458113,522.689477069182,74.35195531316353,3.036816043890408,4.459016457304793,135.32988008293987,57.78908901533703,13.009135001111392
190,99.42793083034178,0.29810102840013464,0.14164815179482304,694.6005420934824,22.99415878968979,1.8269402405875088,511.8025231673232,73.84872302648739,2.300338001634083,4.5310257979822195,131.11781912576797,61.44100713651155,14.832610732115795
191,99.669164727386,0.1825235353822853,0.2922624234409644,707.586894960504,21.946964708544268,2.0328681840705096,503.67483736650064,79.82511987404376,3.474867537442971,3.317816335338707,134.58486772551393,57.81990471962966,13.036596924622424
192,99.67012541714901,0.17440361715855662,0.15456402531974345,705.176660366534,17.721451372299626,1.9383532227811828,508.487895254377,62.5678857890825,3.0244438416253487,4.220450298955282,133.16422482298708,58.922952101755094,13.777257205165531
193,99.58993043718199,0.2552825921483993,0.20370018499715897,708.3436270630394,20.90230666869087,2.048366207106991,525.9886974278008,62.08219298768333,3.3604555584167066,3.270708164555371,132.39210616724205,60.59164757368475,14.533802663258996
194,99.50170893731462,0.16816070805060357,0.36903652297180356,690.5433055146252,18.60973896940027,1.8182968135250053,516.8501588215643,74.48677634257483,2.0833458012047688,4.502750172058091,130.7374176648362,62.10389349363575,15.273903742141481
195,99.50476287238381,0.28615146512071293,0.24218849207886173,716.1637172683245,15.915820733266342,2.148614722460951,541.4441682941305,71.56773834012819,2.169584032091606,4.313910312534279,134.82214531413524,59.17018018206588,13.899052466293664
196,99.61778670366108,0.27168255036860234,0.3002673215563082,717.9635484745083,24.17313575462243,2.1893955876709588,521.5443761830903,65.48321333119611,3.4326467761253645,4.913229242166916,134.4026845251767,58.38082142441017,13.335237454496724
197,99.66913307798578,0.18579880547500366,0.15169596136048896,706.9539955076763,16.368186309189614,2.187551142114277,512.4357136293816,61.58838737977973,2.1441686719973467,3.1379160327128424,133.44452908856297,58.87348403374247,13.798678610405313
198,99.66612592727954,0.2501742135582995,0.15768670564260123,710.8995247163068,24.502373538208026,2.09986073269717,530.8572493302015,61.71316499192861,2.1425134555305174,3.1141094423025084,132.0937054161815,61.15003398614396,14.730193948002034
199,99.63396266375729,0.25090857481693646,0.11226058487994367,717.6749814353188,19.460057729579557,1.8520344960522528,535.3388608442723,77.88381749328236,2.024216950469775,3.5643741493864,135.2888605679333,58.63953238848045,13.511104831603763
